escalar 1 Ay3;escalar 2 Ay3;escalar 3 Ay3;escalar 4 Ay3;escalar 5 Ay3;escalar 6 Ay3;escalar 7 Ay3;particula;iteracao;fo
-0.0396681407023034;-0.0314023941474288;-0.0142496122668329;-0.003202930619463;0.0186214075257615;0.0315587014536194;0.0440954555428996;0.0;0.0;0.9558046167858082
-0.0443489692839376;-0.0340985316417643;-0.0121312935324573;0.0001700230831307;0.0212106793499752;0.0273376993281498;0.0410182358193822;1.0;0.0;0.9553242506328716
-0.0445916160631711;-0.0226315385060898;-0.0152982806833271;0.0059917622510338;0.0155645901932108;0.0300971597071102;0.0492669290102036;2.0;0.0;0.9565076751090588
-0.0443144593416022;-0.0322331956667666;-0.0177510817818687;0.0059182217069562;0.0135206255533404;0.0387667241194879;0.0461469610368371;3.0;0.0;0.9569020777172152
-0.0402744543469587;-0.0250868503429145;-0.0084148767382841;0.0025102552106874;0.0239685493516065;0.0342065243605973;0.0470192238356956;4.0;0.0;0.9574785278848909
-0.0421432546136792;-0.0228184375715556;-0.0113545013095852;0.003762702560794;0.0100720598816127;0.0372290188406307;0.0487732733192617;5.0;0.0;0.9569021242718369
-0.0441743558407594;-0.0237734184594685;-0.0131612319407483;0.0007840392667636;0.0226402193629256;0.0336883467135969;0.0478687209246381;6.0;0.0;0.957177580956559
-0.0481049423408559;-0.0251445545182871;-0.0169577869042635;0.0073675583774381;0.0204432740407468;0.0351060826961926;0.0472908613502827;7.0;0.0;0.9573402681598964
-0.0468141195537118;-0.0252714611426906;-0.0174925781408384;0.0015434430259053;0.0121781276485054;0.0260721132741756;0.0465005788961703;8.0;0.0;0.9551450853855248
-0.0483692928551772;-0.0291170250346731;-0.0079016255408969;0.0074396823463817;0.0101837268851486;0.0311071172999205;0.0402540134892598;9.0;0.0;0.9566717547320052
-0.0447260529351437;-0.027335574161899;-0.0155349097250254;0.0044307873782587;0.0235253405277185;0.0387267365140783;0.0472227919208953;10.0;0.0;0.957852801925682
-0.0376051845013182;-0.0293936291299459;-0.0170352706935261;0.0070744967068181;0.0165339744423928;0.0271081483967489;0.0418427219288973;11.0;0.0;0.9553885004568896
-0.038268466998141;-0.0265393483285629;-0.0083641733055676;0.0004712437562361;0.0192810953309485;0.031298458112866;0.0450779874209092;12.0;0.0;0.9563934548248764
-0.0419669543950788;-0.0309073490987653;-0.0167535027978699;0.0024129924974717;0.0176265452148665;0.028849784585834;0.043072776184949;13.0;0.0;0.9554619414935216
-0.0453634133271181;-0.0342344850027052;-0.0083117593362914;0.0040497720477488;0.0195605969586328;0.0260927352971015;0.0462899863693626;14.0;0.0;0.9562548603425152
-0.0466778235975517;-0.0257662507787223;-0.0160308862773823;0.0073765219317984;0.0254176929694015;0.0414927711730583;0.0484295830064389;0.0;1.0;0.9580403704571764
-0.0448715637257262;-0.0247258527209832;-0.0168483129485172;0.0060749508923409;0.0244185327327554;0.043121591076449;0.0496170348446002;1.0;1.0;0.9586201770779372
-0.0447779300596533;-0.0291507892872856;-0.0156262212385906;0.0038284311448592;0.0265972718381836;0.0420567576899061;0.046433990807474;2.0;1.0;0.958233034117683
-0.044884880582546;-0.0254456572300247;-0.0146797229593653;0.0038568093115455;0.027386006406015;0.0387113059111921;0.0476379385388188;3.0;1.0;0.9581053080794912
-0.046443856472505;-0.0282033221527112;-0.0182824211208677;0.0051718912504331;0.0233543130484023;0.0404710169726718;0.0473013457190249;4.0;1.0;0.9573651574728976
-0.0457227151464846;-0.0290786678079054;-0.0171480651390643;0.0046885910503472;0.0287167549432796;0.0393046827656215;0.0466244849581347;5.0;1.0;0.9580130497467862
-0.0449389443721211;-0.0287101553477471;-0.0164508755322771;0.0058380114757814;0.0238668951934761;0.0406709737696214;0.046973537837102;6.0;1.0;0.957499518078224
-0.0434221913990002;-0.0281810549975282;-0.0149858432709626;0.0032975325461181;0.0247146626574708;0.0401238912243957;0.0471965249733547;7.0;1.0;0.957396016102994
-0.0439203000909536;-0.0281320836799226;-0.0147794755449109;0.0055449692263743;0.027904055732373;0.0436099613006022;0.0475014828369842;8.0;1.0;0.9587343786720658
-0.0433201825948349;-0.0266481396256834;-0.0184804768765611;0.0032697010140234;0.0286736643613504;0.0416670305635387;0.0499119365065557;9.0;1.0;0.9585956411520729
-0.0447260529351437;-0.027335574161899;-0.0155349097250254;0.0044307873782587;0.0235253405277185;0.0387267365140783;0.0472227919208953;10.0;1.0;0.957852801925682
-0.0474738867171868;-0.0265414023527924;-0.014955943466511;0.0034106205446165;0.0262232013420866;0.0432101712559404;0.049298878315575;11.0;1.0;0.9585649481530876
-0.0472179361868905;-0.0276428254843056;-0.0183019867969617;0.0059587144600713;0.0251631295754082;0.0415931950820126;0.0480504390422695;12.0;1.0;0.9578061104801292
-0.0457907466936132;-0.0259572810611931;-0.0150646733706757;0.0052094234379171;0.0258015950582778;0.0425381005947744;0.0488242192666212;13.0;1.0;0.9586091989796705
-0.044480105347054;-0.0246733904066675;-0.0183222125428473;0.0045778153435105;0.0250552741892535;0.0436020035786226;0.0475827472592644;14.0;1.0;0.9584387482410666
-0.0478641626649654;-0.0248927645927689;-0.0160345286888346;0.0104273086036462;0.0293585811203391;0.0464326321616433;0.0495832724689705;0.0;2.0;0.9595392342801058
-0.0445567200067722;-0.0229876915900729;-0.01753131875998;0.0080440017242103;0.0275290186965701;0.0494151644733111;0.0517576156658414;1.0;2.0;0.9597845581909896
-0.0443852673901011;-0.0310901934434727;-0.0152935464899518;0.0039303991572746;0.0315185081220779;0.0474653479372436;0.0459291433648657;2.0;2.0;0.9590691809528714
-0.0445811045048202;-0.0243057257090271;-0.0135604133824482;0.0039823624215444;0.0329627600795775;0.0413394908020439;0.0481336921936344;3.0;2.0;0.9585971336886016
-0.0322956028162169;-0.0217072473286245;0.0040583269575542;-0.0001414311590213;0.0270877045906613;0.0291881966304042;0.0468250102865055;4.0;2.0;0.9574833001568082
-0.0461152634708159;-0.0309581317943186;-0.018080195030425;0.0055054380587385;0.0353994938785902;0.0424260232281566;0.0462779572259602;5.0;2.0;0.958955879998522
-0.0446801007161038;-0.0302833485863124;-0.0168035710615791;0.0076101419314086;0.0265189151352097;0.0449278388420791;0.0469171079926187;6.0;2.0;0.9584798976309012
-0.0419027741732894;-0.0293145128744222;-0.0141209503200776;0.0029582706723093;0.0280712622356359;0.0439260759308521;0.0473254197633526;7.0;2.0;0.9585651896145364
-0.0439203000909536;-0.0281320836799226;-0.0147794755449109;0.0055449692263743;0.027904055732373;0.0436099613006022;0.0475014828369842;8.0;2.0;0.9587343786720658
-0.0417159858402981;-0.0265075913614531;-0.0205199743155732;0.0029073083507028;0.0353205907090838;0.046751718551512;0.052297610132827;9.0;2.0;0.9597348779486728
-0.0442902751814694;-0.027766352819458;-0.0151263459670036;0.0050333737252477;0.0258934943476184;0.0413677457807563;0.0473735171740029;10.0;2.0;0.9582725926862744
-0.0493218339345124;-0.0263121447288365;-0.0140662007847216;0.003165346119313;0.0308335475938276;0.0495773636501239;0.0511750392091009;11.0;2.0;0.959818764642296
-0.0488531628891697;-0.0283289607511101;-0.0201931411103741;0.0078311611797676;0.0288924500604395;0.0466165183928323;0.0488890219127519;12.0;2.0;0.9591647463750136
-0.0462398360445555;-0.0252425601648822;-0.0142652961246918;0.0064591343032752;0.0300615442792535;0.0483467349854823;0.050305890970193;13.0;2.0;0.9596434577787136
-0.0438399205247468;-0.0228916278403204;-0.020230176475982;0.0053025966492613;0.0286949560504977;0.0502948478610688;0.0480326314353206;14.0;2.0;0.9594009149138418
-0.0492547041947754;-0.0254698009826353;-0.0147717863440191;0.0069318427383963;0.0318152226075207;0.050344268835414;0.0510474305712632;0.0;3.0;0.9601330008036728
-0.0474964779401405;-0.024457070085536;-0.0155674753015421;0.0056648841963046;0.0308426328998819;0.0519297737579804;0.0522033046680839;1.0;3.0;0.9602991738443444
-0.0474053342611079;-0.0287643349300484;-0.0143778825062411;0.0034781058355662;0.0329634330997403;0.0508932573373728;0.0491049068776937;2.0;3.0;0.9598345700222096
-0.0475094406636417;-0.025157732933525;-0.0134565543239244;0.0035057293456183;0.0337311929590666;0.0476367706918462;0.050276838194708;3.0;3.0;0.959781231377057
-0.0378117351501575;-0.0221766964101967;0.0009745508142847;-5.269156415045997e-05;0.0309233208600388;0.0379615992718975;0.0494363330214134;4.0;3.0;0.9588277551540773
-0.0483249948097174;-0.028694131367124;-0.0158592562238362;0.004315391628493;0.0350265530858301;0.048214367958233;0.0492903352439384;5.0;3.0;0.9598022670260924
-0.0475620667423907;-0.0283354187074912;-0.0151806068831558;0.0054342456766481;0.030305664980851;0.0495443253758643;0.0496301058083124;6.0;3.0;0.9596456851518876
-0.0460856485698264;-0.0278203886491912;-0.0137545340207126;0.0029613253493163;0.0311308878827552;0.0490117913205646;0.049847163078709;7.0;3.0;0.959628006783107
-0.0473893770024235;-0.0269632474977656;-0.0143213825154546;0.0040166819254347;0.0297854903161866;0.0474424611630002;0.049860784835747;8.0;3.0;0.959447233474316
-0.0459863524715823;-0.0263282378823211;-0.0171562353215798;0.0029342339372781;0.0349846084057443;0.0505138941701946;0.0524903640512178;9.0;3.0;0.9601449816193044
-0.0473548366977448;-0.0269973915676629;-0.014288999227038;0.0040644436935487;0.0299731932307472;0.0476517909508591;0.0498727315129722;10.0;3.0;0.9595433622115236
-0.0493218339345124;-0.0263121447288365;-0.0140662007847216;0.003165346119313;0.0308335475938276;0.0495773636501239;0.0511750392091009;11.0;3.0;0.959818764642296
-0.0497804536452544;-0.0272964721984476;-0.0169824918038066;0.0055517388232887;0.0315674287824075;0.0504420221853448;0.0506783691297247;12.0;3.0;0.9599548654241588
-0.0483912172033888;-0.0256557512234115;-0.0138312678025637;0.0048223735929232;0.0321889156416185;0.0513617999574148;0.0514315723243445;13.0;3.0;0.960297681336207
-0.0471154295596089;-0.0244060028942379;-0.017002179689249;0.004207561764599;0.0314624415795145;0.0523974107173969;0.0502231146091636;14.0;3.0;0.9600015924381564
-0.0484811752426726;-0.0249382702641946;-0.0148786037316964;0.004647415930449;0.0320353110580984;0.0530253907903625;0.0524692277594043;0.0;4.0;0.9604810009101274
-0.0474964779401405;-0.024457070085536;-0.0155674753015421;0.0056648841963046;0.0308426328998819;0.0519297737579804;0.0522033046680839;1.0;4.0;0.9602991738443444
-0.0486328185189437;-0.0246681274915255;-0.0149109027690112;0.0049306129100197;0.0319411609382553;0.0529803752347634;0.0526285093891985;2.0;4.0;0.9604484243935136
-0.0486242820786817;-0.0249638589906712;-0.0149864491599976;0.0049283478577496;0.0318782067297229;0.0532473982327427;0.0525324142266021;3.0;4.0;0.9604379887098716
-0.0471319445748406;-0.0240527542944381;-0.0125110211641574;0.0042332334614339;0.0323361942755533;0.0517179548524152;0.0524967267407348;4.0;4.0;0.9602271166162168
-0.04855740886936;-0.0246738839916686;-0.0147894341759361;0.0048619577650954;0.0317719907423224;0.0532000368367096;0.0526133047703394;5.0;4.0;0.9620936611379816
-0.0486199668841641;-0.0247032974486283;-0.0148450815656694;0.0047702147933715;0.0321590906546306;0.0530909839660865;0.0525854445133815;6.0;4.0;0.9603654281936096
-0.0487410291361008;-0.0247455285047285;-0.0149620156398778;0.0049729874964241;0.0320914246337764;0.0531346503020647;0.0525676464108915;7.0;4.0;0.960386005816703
-0.048801147658115;-0.0246507070524033;-0.0150721259839714;0.004655497669934;0.0312941004358006;0.0522511105643374;0.0525087609451396;8.0;4.0;0.9602111874003476
-0.0487491711445679;-0.0248678807863674;-0.0146830854373433;0.0049752089181123;0.0317754300913648;0.0530114819768599;0.0523509111606762;9.0;4.0;0.9604039280247174
-0.0486369591810214;-0.0248130120143998;-0.0149181909547974;0.0048825348093825;0.0321863524287816;0.0532461666125862;0.0525655498692152;10.0;4.0;0.960471675335114
-0.0479644163115389;-0.0249326269687331;-0.0151826167015818;0.0050241161594931;0.0308403038400537;0.0513267226500729;0.0519397041070287;11.0;4.0;0.9601447734352104
-0.0484380652257328;-0.0247884882207035;-0.0146973319305875;0.0047605806767074;0.0320556294740063;0.0530173752830375;0.0524994897881749;12.0;4.0;0.960350991130798
-0.0485519788142066;-0.0249230228530513;-0.0149557236796438;0.0048203866306798;0.032004669251406;0.0529419560214507;0.0524377291863339;13.0;4.0;0.960418513111953
-0.048656589911536;-0.0250254987978042;-0.0146957175778304;0.0048707995190047;0.0320642381374886;0.0528570387716748;0.0525368194136751;14.0;4.0;0.9604556293604452
-0.0482477879452584;-0.0245102108917209;-0.0148443755490868;0.0039492105326678;0.0318975258541671;0.054205207666069;0.0531383721872279;0.0;5.0;0.9605247149797742
-0.0483930193324401;-0.0246402890264872;-0.0149099903938956;0.004986369921035;0.0316279882430607;0.053003211620734;0.0525497759155472;1.0;5.0;0.9603972800464646
-0.0490416749122451;-0.0230959521674214;-0.015013468339753;0.0054318109927718;0.0314046286092536;0.0539695410161488;0.0539722476684463;2.0;5.0;0.9605772214434136
-0.0489969847101137;-0.0246441736822322;-0.0154089708419529;0.0054199529300805;0.0310750490400184;0.0553674670119083;0.0534691676832882;3.0;5.0;0.960657316183922
-0.0519248161037352;-0.0252999232319769;-0.0196283429649973;0.0064146190827992;0.0324033694350916;0.0582665875213364;0.0537734927745523;4.0;5.0;0.9608581260132306
-0.04855740886936;-0.0246738839916686;-0.0147894341759361;0.0048619577650954;0.0317719907423224;0.0532000368367096;0.0526133047703394;5.0;5.0;0.960421609908214
-0.048974393687473;-0.0232800748747383;-0.0146688794020215;0.0045920904494845;0.0325455401340099;0.0545486028274704;0.0537467932698951;6.0;5.0;0.9606728041432716
-0.0496081820516521;-0.023501164037835;-0.0152810558188955;0.0056536515695855;0.032191293157916;0.0547772060064681;0.0536536161640492;7.0;5.0;0.9606954706330236
-0.0491387075041334;-0.0237799646908336;-0.0151222730511798;0.0050759111678626;0.0322787573058914;0.0549043322602954;0.0536165766752992;8.0;5.0;0.9607324775932812
-0.0496508073138203;-0.0241417060002796;-0.0138207929049285;0.0056652812162791;0.0305369900128751;0.0541323918707532;0.0525189579407267;9.0;5.0;0.9603388454444844
-0.0490633522179527;-0.0238544555264653;-0.0150516236464106;0.0051801112245269;0.0326882617087979;0.0553610192008706;0.0536426402925601;10.0;5.0;0.9607577517773428
-0.047942919843776;-0.0241828614611478;-0.0152801773023391;0.005602710412325;0.0316302285137925;0.0535832730388569;0.052803327419323;11.0;5.0;0.960489595638098
-0.0480220972226846;-0.0237260679007471;-0.0138953765303285;0.0045416536622684;0.0320038973727453;0.0541632446660891;0.0532968007758628;12.0;5.0;0.9606131443159752
-0.0486184607112339;-0.024430387233959;-0.0152481159790991;0.00485475140438;0.0317371090419203;0.0537684077151485;0.0529734700085481;13.0;5.0;0.9604718045133304
-0.0491661235474254;-0.0249668720618359;-0.0138869250272648;0.005118674316054;0.0320489656798265;0.0533238466404529;0.0534922298373802;14.0;5.0;0.9605762838047
-0.0484507435889118;-0.0244998896569912;-0.0147791637791196;0.0045435799919786;0.0317255270789421;0.0537092652024811;0.0528997077810819;0.0;6.0;0.9605068057439118
-0.0488946720702776;-0.0247428077547259;-0.0145420998460184;0.0046067125546553;0.0320674276950088;0.0536038453977955;0.0527436411975798;1.0;6.0;0.960496107213208
-0.0487411561036865;-0.0239825383843978;-0.0148410197669487;0.0050859314172188;0.0315452198886576;0.0536230557705368;0.0532047485306848;2.0;6.0;0.960528828070684
-0.0487248079401236;-0.0245488947074535;-0.0149856988976561;0.0050815936085008;0.0314246560861263;0.0541344323528208;0.053020716382913;3.0;6.0;0.9604717705928486
-0.0505877556516033;-0.0251888107161393;-0.0177958061851554;0.0057871055087401;0.0318317257544856;0.0559990832875885;0.0531682554708219;4.0;6.0;0.9606244229555058
-0.04855740886936;-0.0246738839916686;-0.0147894341759361;0.0048619577650954;0.0317719907423224;0.0532000368367096;0.0526133047703394;5.0;6.0;0.960421609908214
-0.0487165438975467;-0.024049892479732;-0.0147149653736514;0.0047787524801346;0.0319625777731151;0.0538348828993713;0.0531222748517192;6.0;6.0;0.9605265249059438
-0.0489483905965482;-0.0241307693079385;-0.0149389061865167;0.0051670831207618;0.0318329903640041;0.0539185084365812;0.0530881896497277;7.0;6.0;0.960435299332578
-0.0487188309743138;-0.0242899150392991;-0.0148266118675738;0.0050356929099363;0.0321792016879377;0.0543154321278915;0.0530946390213508;8.0;6.0;0.960506720021798
-0.0471661825290307;-0.0258130294031485;-0.0161240784119721;0.0037953804078042;0.0336971930357461;0.0514476107269685;0.0523380455054114;9.0;6.0;0.960234622834225
-0.0487490858986396;-0.0242600071893097;-0.0148549773944438;0.004993856895651;0.0320147868824346;0.0541320736731899;0.0530841745561772;10.0;6.0;0.9605727840501436
-0.0485162101420626;-0.0243581840820554;-0.0148533680316041;0.0051249566687799;0.0320693114056156;0.0540915845939397;0.0529568375984591;11.0;6.0;0.960572146791506
-0.0483681834600401;-0.0242130415949603;-0.0144320095833499;0.0047603021530456;0.0317644389410778;0.0536939146792222;0.0529576626874489;12.0;6.0;0.9605241144250368
-0.0485863397311864;-0.0244706892920108;-0.0149268564337063;0.0048748367233787;0.031666844858684;0.0535494790144274;0.052839384764842;13.0;6.0;0.9604643775371214
-0.0487866807723181;-0.0246669412957357;-0.0144289179313132;0.0049713826041819;0.0317809254195569;0.0533868537226137;0.0530291527705155;14.0;6.0;0.9605176910913756
-0.048259725362359;-0.0246976102764237;-0.0148872150079668;0.0039904585326237;0.032030819151096;0.0539155582481808;0.0529556591095518;0.0;7.0;0.9604619259959504
-0.0487354057132974;-0.0247102597725516;-0.0146588989440966;0.0047272474208751;0.0319279130161358;0.0534131542157555;0.0526820922118264;1.0;7.0;0.9604494853023992
-0.0489969571274653;-0.0233842791613033;-0.0150442406069671;0.0053672542221895;0.0315730971818554;0.0536967097879814;0.0537300256358481;2.0;7.0;0.9605953762300484
-0.0489554562111253;-0.0248220129037675;-0.0154115183428738;0.0053562424020536;0.0312670378337691;0.0549948737485933;0.0532628476106747;3.0;7.0;0.9606148368711582
-0.0504549849484265;-0.0248150059781988;-0.0173794934750861;0.0057538621684362;0.0326219651286294;0.0564489462444086;0.0534896943818365;4.0;7.0;0.9607899825729131
-0.04855740886936;-0.0246738839916686;-0.0147894341759361;0.0048619577650954;0.0317719907423224;0.0532000368367096;0.0526133047703394;5.0;7.0;0.960421609908214
-0.0489344773814058;-0.0235552620772045;-0.0147242430237291;0.0045874597626918;0.032632588333875;0.0542344472481222;0.0535206606366648;6.0;7.0;0.9606512876072478
-0.0495230358712888;-0.023760573362984;-0.0152927318881847;0.0055732632975587;0.0323036219515946;0.0544467363171832;0.0534341330514205;7.0;7.0;0.960656585792336
-0.049176095134308;-0.0239314688410565;-0.0152287507620021;0.0049136436081618;0.0319010267345066;0.0540252279503811;0.0533689434545191;8.0;7.0;0.9605707688352076
-0.0506367214354207;-0.0234903251089385;-0.0129094467515016;0.0064061331632933;0.0292920466295638;0.0551832577946862;0.0525806399093524;9.0;7.0;0.9605332291887972
-0.0490170874470374;-0.0240886524455119;-0.0150796729861911;0.0051335168362183;0.0327651246808302;0.0549888860811922;0.0534239404655134;10.0;7.0;0.960731935695726
-0.0487812441506506;-0.0247568445062061;-0.01462119885814;0.0046644788870069;0.0319276848654442;0.0533540803673168;0.0526562703546274;11.0;7.0;0.9604682644343028
-0.0480501409042557;-0.0239694271151286;-0.0140059406568601;0.004540622362392;0.032129599538808;0.053876589909071;0.0531027815500245;12.0;7.0;0.96058172731802
-0.0486039453192304;-0.0246234831795494;-0.0152621427775868;0.004831376097705;0.0318818503752332;0.0535099302278119;0.052802525062372;13.0;7.0;0.96047278938992
-0.0491125245706836;-0.0251216821336267;-0.0139980922895477;0.0050764643308119;0.0321714515768958;0.0530970949509723;0.053284263949871;14.0;7.0;0.9604828550258708
-0.0485066731086854;-0.0244165112040119;-0.0147411993709135;0.0047046796939484;0.0316166976421522;0.053684174286959;0.0529061913469072;0.0;8.0;0.9604993748276816
-0.0487499678658769;-0.0247132357223477;-0.0146482196875379;0.0047162265929593;0.0319406692195133;0.0534305896248468;0.052687719801599;1.0;8.0;0.9604657448917172
-0.0485910482133722;-0.0246342589747186;-0.0148302488567871;0.0048956853138734;0.0318124960121925;0.0531544761283039;0.052650419148291;2.0;8.0;0.9604566664508556
-0.0486607343601587;-0.0244440586736823;-0.0148573000556405;0.0050071161498561;0.0314475674306516;0.05392317575861;0.0529742145558897;3.0;8.0;0.9604800803498468
-0.0508152224530449;-0.0253631098422016;-0.0182079476413607;0.0058814089980053;0.0315661550165362;0.056095687750094;0.0531077855847885;4.0;8.0;0.9606237337499648
-0.04855740886936;-0.0246738839916686;-0.0147894341759361;0.0048619577650954;0.0317719907423224;0.0532000368367096;0.0526133047703394;5.0;8.0;0.960421609908214
-0.0486560888499492;-0.0241635518972597;-0.0147051111797814;0.0048368784555794;0.0317499522097217;0.0537547884310626;0.0530313041581412;6.0;8.0;0.9604941492666802
-0.0487864180680333;-0.0242090156188769;-0.0148309962200409;0.0050551728240953;0.0316771065501729;0.053801797299092;0.0530121436622492;7.0;8.0;0.9605384335742386
-0.0485765293038504;-0.0243783948191428;-0.0146920751465023;0.0050931051556326;0.0323110624505434;0.054514880369337;0.0530437315283538;8.0;8.0;0.9606179558043682
-0.0495935985774986;-0.023949344788081;-0.0138227831769021;0.0056444304748834;0.0304329756724651;0.0543534321243045;0.0527123072891645;9.0;8.0;0.9604717571090609
-0.0486743818581119;-0.0242816647965382;-0.0147838168817424;0.0049577962447972;0.0317793007940396;0.0539218498614835;0.0530098866363557;10.0;8.0;0.9605647566210592
-0.0481593465607629;-0.0241129985027103;-0.0151339795706472;0.0055249896209752;0.0319436089065309;0.0541917471921103;0.0530204305107762;11.0;8.0;0.9605596544047392
-0.0484602631443119;-0.0242552637771803;-0.0145460517363597;0.0048265068750771;0.0316385713741837;0.0536755452156713;0.0529387698466808;12.0;8.0;0.9604931373885196
-0.0485572933326787;-0.0247406913589737;-0.0148489639732748;0.0048496599737202;0.0318390141141625;0.0531384340612784;0.0525707582563156;13.0;8.0;0.9604279916131588
-0.0486955152644169;-0.0245104168302339;-0.0145443138095561;0.0049451626517947;0.0316478390060215;0.0535029354068999;0.0529789569473251;14.0;8.0;0.9604780094020536
-0.0482393326787025;-0.0247835484068953;-0.0149148451971694;0.0039335769456983;0.0321128632237966;0.0538477611036713;0.0529034683460038;0.0;9.0;0.9604816156765248
-0.0487533959055768;-0.0247139362832016;-0.0146457057106208;0.0047136322075884;0.0319436721252553;0.0534346940506329;0.0526890445783482;1.0;9.0;0.9604657627845508
-0.0490603517189134;-0.0231090574075285;-0.0150487957101756;0.0054475988067713;0.0314602356642672;0.0538945790086056;0.0539641196162325;2.0;9.0;0.960604141201542
-0.0489712798200294;-0.0249144268171589;-0.0154664411596797;0.0053704567400503;0.0313093232444962;0.0549832604084924;0.0532266475548086;3.0;9.0;0.9606123926620264
-0.0499610898523342;-0.024610139893459;-0.0165967499070922;0.0055351928791134;0.0327933013880373;0.0559161884283982;0.0534384242771904;4.0;9.0;0.9607687411228116
-0.04855740886936;-0.0246738839916686;-0.0147894341759361;0.0048619577650954;0.0317719907423224;0.0532000368367096;0.0526133047703394;5.0;9.0;0.960421609908214
-0.0489492089366284;-0.0235817352340267;-0.0147433897008511;0.0045616550947295;0.0327459575214763;0.0541832498811512;0.0534978810464741;6.0;9.0;0.9606385796005232
-0.0495684048583523;-0.0237977340056421;-0.0153414712721259;0.0055987746655164;0.0323998667831831;0.0544065896647898;0.053406849264891;7.0;9.0;0.9606487227384454
-0.0492463199098071;-0.0239351019691022;-0.0153143953466635;0.0048454751850587;0.0317430964592189;0.0537030506072985;0.0533234226576831;8.0;9.0;0.960523681706968
-0.0496118160216513;-0.0242772229902029;-0.0138811039005106;0.0056254247521747;0.0306702757813382;0.0539563455364562;0.052422608917353;9.0;9.0;0.9603799051542156
-0.0490361192719845;-0.0241428912557645;-0.0151173215818757;0.0051361371874494;0.0328853930523971;0.0549769610528648;0.0533961261035843;10.0;9.0;0.9607387841626756
-0.049003682213441;-0.0249682975062813;-0.0144398562998405;0.0043709044555306;0.0319424263804718;0.0531121399612973;0.0525480524836408;11.0;9.0;0.9604428425856376
-0.0480188382946354;-0.0240174596468275;-0.0139876960802931;0.0045123795719933;0.0322167856278889;0.0538067642663681;0.0530582492500272;12.0;9.0;0.9605579246218408
-0.0486162113132717;-0.0245094748092564;-0.0152950457118841;0.004842005990993;0.0318091558892495;0.053683500491673;0.0529159565017787;13.0;9.0;0.9603848785784618
-0.0491365243782885;-0.0252296953387834;-0.0139794391659582;0.0050761148119692;0.0322608162752168;0.0529866926722009;0.0532491787222567;14.0;9.0;0.9605548001275142
-0.0485781038206573;-0.0243591742550657;-0.0147049151211719;0.004912073101859;0.0315151969896821;0.0535840324933222;0.0528703752543457;0.0;10.0;0.9604577918194208
-0.048706430652572;-0.0247043383728419;-0.0146801480077636;0.0047491761265632;0.0319025313450216;0.0533784620894071;0.0526708947082633;1.0;10.0;0.9604855477418688
-0.0485633598206008;-0.0246300035610162;-0.0147833507707035;0.0048710100185849;0.0317443727387527;0.0532441407604248;0.0526500495771763;2.0;10.0;0.9604576260314368
-0.048572230841133;-0.0243581241160867;-0.0147004892390138;0.0049005439009991;0.0315216444140642;0.053574921501844;0.0528677821369349;3.0;10.0;0.9604505367188884
-0.0507420361757988;-0.0254606541280715;-0.0181745805282236;0.0058387573547487;0.0312929170291965;0.0557787493913936;0.0529656695531509;4.0;10.0;0.9605505185275948
-0.04855740886936;-0.0246738839916686;-0.0147894341759361;0.0048619577650954;0.0317719907423224;0.0532000368367096;0.0526133047703394;5.0;10.0;0.960421609908214
-0.048572407932946;-0.0243688173341322;-0.014706290841579;0.004907033543808;0.0315101171831806;0.053581340606696;0.0528656058202954;6.0;10.0;0.9604707543866572
-0.0485674396438927;-0.024367084208485;-0.0147014919693331;0.0048987119292274;0.03151289413756;0.0535795485784167;0.0528663362388723;7.0;10.0;0.9604687307180686
-0.0484110184165259;-0.0245231635050018;-0.0145526334347063;0.0051246265280985;0.0323822503266716;0.0545488388848054;0.0529220019120774;8.0;10.0;0.9606165850981888
-0.0497652685869451;-0.0237344750308102;-0.0136416650647367;0.0057831876259179;0.0301385134582192;0.0546607200474324;0.0528098500081293;9.0;10.0;0.9605390425837098
-0.0485717105839283;-0.0243643147442052;-0.0147032904961213;0.0049024240284795;0.0315089983837867;0.0535749720464592;0.052866422279111;10.0;10.0;0.9604590199249812
-0.0479818931887647;-0.0239680047034785;-0.0152760480043941;0.0057413162814575;0.0319061375701233;0.0543122028274529;0.0530790435022899;11.0;10.0;0.9611765055106544
-0.0485798730180894;-0.0243653211792733;-0.0147123543575211;0.0049074289195391;0.0315143631396444;0.05358436144274;0.0528691333271235;12.0;10.0;0.9604763717189032
-0.0485408700632008;-0.0248164604484201;-0.0147349227319511;0.0048496933222522;0.0318587591669285;0.0529761726639633;0.0524673932745083;13.0;10.0;0.9603484633092596
-0.0485709049558984;-0.0243555944722537;-0.0147124206091479;0.004902905634544;0.0315140098476161;0.0535909415130882;0.052867601351906;14.0;10.0;0.9604764560239816
-0.0482118448280756;-0.0248649556222065;-0.0149435406995771;0.0038557530585536;0.0321971888560908;0.0538040791140091;0.0528640098606005;0.0;11.0;0.960485060783739
-0.0487385349602584;-0.0247108992715408;-0.0146566040889267;0.0047248791657648;0.0319306541844098;0.0534169008940446;0.0526833015191797;1.0;11.0;0.9604518359213544
-0.049065498089213;-0.0231306171367476;-0.0150650063644088;0.00545044700122;0.0314924907539037;0.0538485299829933;0.0539471887566419;2.0;11.0;0.9606256194686302
-0.0489972825063383;-0.0250053985980555;-0.0155354471743367;0.0053976397138829;0.0313349263509202;0.0550225604595757;0.0532108069352721;3.0;11.0;0.96059154304676
-0.0495501346234981;-0.0244216052238381;-0.0159337786615142;0.0053546928520049;0.0329780593824608;0.0555065237829339;0.053414770687089;4.0;11.0;0.9607402841777704
-0.04855740886936;-0.0246738839916686;-0.0147894341759361;0.0048619577650954;0.0317719907423224;0.0532000368367096;0.0526133047703394;5.0;11.0;0.960421609908214
-0.0489735986876075;-0.0235753142056251;-0.0147595552731029;0.0045297310212905;0.0328765495465218;0.0541640853379413;0.0535018621111617;6.0;11.0;0.960662264191034
-0.049638045311809;-0.023807098120209;-0.0154013445147443;0.0056426430633855;0.0325051665727999;0.0544037467441007;0.0534041777468986;7.0;11.0;0.9606711470502296
-0.0493296078736479;-0.0239177460749498;-0.0154071530935357;0.0047828732480846;0.031598322376881;0.0534234329023663;0.0533017927853918;8.0;11.0;0.960458242036322
-0.0480696580008713;-0.0248876809567335;-0.0152163139972967;0.0045058756493145;0.0323048352835918;0.052813043833245;0.0526755849780704;9.0;11.0;0.960448056235023
-0.0490668604112552;-0.0241774793866488;-0.0151608140141753;0.0051461961396478;0.0330261749955334;0.0550158007484172;0.0533926709393099;10.0;11.0;0.9607594902129496
-0.0484188792606589;-0.0246028778381973;-0.0148957112243297;0.0049990095742496;0.0316969677371088;0.0531649066266457;0.0526097149724499;11.0;11.0;0.9604284365977526
-0.0479752367626657;-0.0240428812631756;-0.0139486357281027;0.0044768544541343;0.0323087058867356;0.053760086236806;0.0530301021192234;12.0;11.0;0.960532903692604
-0.0486249391923184;-0.0244554703120645;-0.0153431446171702;0.0048445375710956;0.0317847979776761;0.0537822649066395;0.0529795570227085;13.0;11.0;0.9605061419275917
-0.0491746031007589;-0.0253437068742585;-0.0139397754002748;0.0050817873421007;0.0323559542841361;0.0528800839899713;0.0532349846755075;14.0;11.0;0.9605475422511768
-0.0486524470142966;-0.0243036362014071;-0.0146681784310848;0.0051280610349188;0.0314127132602739;0.0534740762178881;0.0528293874332808;0.0;12.0;0.9604498134702564
-0.0486730475791384;-0.0246975161430902;-0.0147046297184152;0.0047744408740379;0.0318732883281146;0.053338492205912;0.0526579937142924;1.0;12.0;0.9604321349950984
-0.0484723109199388;-0.0249424755233843;-0.0147469295483299;0.0047625473472215;0.0318283461410203;0.0530771118291617;0.0523816178185649;2.0;12.0;0.9603921094538952
-0.0484795572107519;-0.0242727220255588;-0.0145378885341647;0.0047886623934918;0.0316025136725137;0.0532058652492931;0.0527530507871417;3.0;12.0;0.9604203768524407
-0.0506352553871254;-0.0255516497549414;-0.0180927428872387;0.0057806400668478;0.0310140877565773;0.0554118291474616;0.052812297789579;4.0;12.0;0.9605346223037078
-0.04855740886936;-0.0246738839916686;-0.0147894341759361;0.0048619577650954;0.0317719907423224;0.0532000368367096;0.0526133047703394;5.0;12.0;0.960421609908214
-0.0484847704706717;-0.024587510857954;-0.0147086771302414;0.0049797056392002;0.0312631730235943;0.0533948319862285;0.0526889839953734;6.0;12.0;0.9604510325739396
-0.0483385131042334;-0.0245364908005182;-0.0145674070855576;0.004734732486466;0.0313449214947252;0.0533420779427507;0.0527104861858263;7.0;12.0;0.9603888002612542
-0.0482401251049941;-0.0246765085156169;-0.0144102316702177;0.0051539147982949;0.0324481583826409;0.0545656011297704;0.0527905357313088;8.0;12.0;0.9605872281856944
-0.0503739891029399;-0.0235038430234927;-0.0131169146843684;0.006224102575548;0.0295012292824295;0.0550993489984978;0.0527011585153601;9.0;12.0;0.9605390236916004
-0.0484688155053107;-0.0248760969482652;-0.0147627065920504;0.0047997939892988;0.0316707834447397;0.052757283432604;0.0523871278807804;10.0;12.0;0.960365239005118
-0.0482358673394502;-0.0241344555508221;-0.0150772239413566;0.0054626876253265;0.0320043258939263;0.0542655484805847;0.0530431950552735;11.0;12.0;0.960620038091633
-0.0487045289592782;-0.0244845904366895;-0.0148871759783431;0.0049913447794665;0.0313881662362978;0.0534837598886713;0.0527928273614147;12.0;12.0;0.9604323546912492
-0.0485528917316667;-0.024653572509682;-0.0147206060181068;0.0048696030886109;0.0317358912857007;0.0531929495703788;0.0526108414282616;13.0;12.0;0.9604001770679588
-0.0484405255681631;-0.0241982539257604;-0.0148891263053772;0.0048581875207142;0.0313777659634685;0.0536774651561734;0.0527477288056846;14.0;12.0;0.9604569719803968
-0.0481871776970492;-0.0249418327811642;-0.0149702408417405;0.0037860431175814;0.0322757779412183;0.0537595819721559;0.0528251699396223;0.0;13.0;0.96044796350059
-0.0487192213244381;-0.0247069522993973;-0.0146707678789901;0.0047394959784675;0.0319137357607676;0.053393776487146;0.0526758377037293;1.0;13.0;0.9604709762312252
-0.0490852518479921;-0.0230559294673563;-0.0150704205525125;0.0054745558098657;0.0314677678575109;0.0538945223686706;0.0540110703173305;2.0;13.0;0.9606176567614304
-0.0490200978536413;-0.0250907660303243;-0.0155979301508849;0.005421142260323;0.0313613886259274;0.0550517248133281;0.0531929321208054;3.0;13.0;0.9606216385598074
-0.0491530561709016;-0.0242426880043134;-0.0152952942256928;0.0051800272733218;0.0331489877335386;0.0551046427023177;0.0533884964340242;4.0;13.0;0.960727395092265
-0.04855740886936;-0.0246738839916686;-0.0147894341759361;0.0048619577650954;0.0317719907423224;0.0532000368367096;0.0526133047703394;5.0;13.0;0.960421609908214
-0.0489949822645221;-0.023574227991663;-0.0147751328472163;0.0045007654256634;0.0329962083818714;0.0541413518422683;0.0535015826087921;6.0;13.0;0.9606326923139844
-0.0496995970310319;-0.0238200240615152;-0.0154557205124649;0.005680956926567;0.0326023739973123;0.0543955016258501;0.0533979928801218;7.0;13.0;0.9606825486893728
-0.0494056117513886;-0.0239046424782206;-0.015492911566519;0.0047234432196631;0.0314608413207289;0.0531553338261014;0.0532779704682931;8.0;13.0;0.9604360191553574
-0.0475472072906064;-0.0251720848883482;-0.0156858122556165;0.0041191325384789;0.0329180102880969;0.0523306401457729;0.0526948971457001;9.0;13.0;0.9603309118792328
-0.0490914111451342;-0.0239852883896099;-0.0151237456129323;0.005178384648518;0.0329168847052936;0.0552876960410084;0.0535618454764794;10.0;13.0;0.9607586733456132
-0.0483946167315562;-0.0246459630873949;-0.0149082320912824;0.0049811266307992;0.0316235851902884;0.0529887501126185;0.0525441376404504;11.0;13.0;0.9604200591297022
-0.0479362658394361;-0.0240700611272133;-0.0139151903551535;0.0044446922834974;0.0323940365697486;0.0537129295703384;0.0530013030611793;12.0;13.0;0.960594660772734
-0.0486177009156679;-0.0245295865042468;-0.0153299539104904;0.0048369957488982;0.031834597423073;0.0536736005347344;0.0529083047740715;13.0;13.0;0.9605174915071792
-0.0492081381035037;-0.0254495262352266;-0.0139057943892531;0.0050861954984783;0.0324441412994435;0.0527797280834218;0.0532185714907263;14.0;13.0;0.9605597950941028
-0.0487196941652577;-0.0242588934693205;-0.014636312264361;0.0053236167352109;0.0313242025355371;0.0533670031080502;0.0527873825903567;0.0;14.0;0.9604533455858428
-0.0486413684924997;-0.0246910421433908;-0.0147278617984194;0.0047984160219747;0.0318455379752894;0.0533005625226341;0.0526457512313903;1.0;14.0;0.9604053875757768
-0.0483777483571919;-0.0252367097119806;-0.0146981712150587;0.0046524345015339;0.0318869786887597;0.0529464998178321;0.0521276250335888;2.0;14.0;0.9603529022659856
-0.048394983483633;-0.0242008324217296;-0.0143916100299299;0.0046861796976252;0.0316806736516321;0.0528632662499699;0.0526440119352193;3.0;14.0;0.9604193203412048
-0.0504980112767368;-0.0256199798274578;-0.0179561470445912;0.0057098389800088;0.0307692434154996;0.0550307108872835;0.052666312042712;4.0;14.0;0.9604529704354468
-0.04855740886936;-0.0246738839916686;-0.0147894341759361;0.0048619577650954;0.0317719907423224;0.0532000368367096;0.0526133047703394;5.0;14.0;0.960421609908214
-0.0484047746983104;-0.0247920488742863;-0.0147123743567368;0.0050449850248448;0.0310433455319022;0.0532181716098966;0.0525236857436333;6.0;14.0;0.9603085617913576
-0.0481300833736914;-0.0246962262330035;-0.0144470499040397;0.0045848919610943;0.0311968803340621;0.0531190923058259;0.0525640697962219;7.0;14.0;0.9603562258215472
-0.0480873578394489;-0.02481876773482;-0.0142850419902977;0.0051757345966258;0.0324969080038034;0.0545560850710442;0.0526652783791339;8.0;14.0;0.9606226187117834
-0.0505905276643495;-0.0234101831028192;-0.0129276777244715;0.0063820655696012;0.0292656330202968;0.0552696168682422;0.0526724344184877;9.0;14.0;0.9605582648980046
-0.0483717350702917;-0.0250510062879535;-0.0147181720080511;0.004736804139454;0.0315128001830577;0.0523232628027704;0.0521757920659991;10.0;14.0;0.9602412084616128
-0.0483001820366337;-0.0241686801019553;-0.0150277449034293;0.0053981093911002;0.0320377907939763;0.0542780040431404;0.053043389201305;11.0;14.0;0.9606318365190436
-0.0488175111764903;-0.0245987502559946;-0.0150476195906836;0.0050668449211019;0.0312780998694242;0.0533851903653445;0.0527187177783638;12.0;14.0;0.9604287083521788
-0.0485372599610036;-0.0247343687728569;-0.014619961467881;0.0048680243764826;0.031763443418056;0.0530305906202599;0.0525069816564397;13.0;14.0;0.9603250224609778
-0.0483216767240086;-0.0240609711520129;-0.0150512825714242;0.0048167573892391;0.0312585667355421;0.0537489953333376;0.0526340165266348;14.0;14.0;0.9604767059304556
-0.0481759521827381;-0.0250015650928016;-0.0149885353229658;0.0037551472703779;0.0323304191239439;0.0537050456609018;0.0527852921395307;0.0;15.0;0.9604215993579128
-0.0486973482709171;-0.0247024822796794;-0.0146868086359453;0.0047560497920284;0.0318945753298027;0.053367587664159;0.0526673847932398;1.0;15.0;0.9604831930227278
-0.0490915850812292;-0.0230328164933352;-0.0150724567980467;0.0054822156339079;0.0314606269138724;0.0539080900428962;0.0540308698542522;2.0;15.0;0.9606199253369114
-0.0490271215383187;-0.0251537614548524;-0.0156299772433478;0.0054260712750653;0.0313959956283831;0.0550254992250687;0.0531611119540556;3.0;15.0;0.960625953964962
-0.048789233336614;-0.0240982975504423;-0.014722907178744;0.0050184241324543;0.0332599730091035;0.054700056069728;0.0533438693300574;4.0;15.0;0.96065374476329
-0.04855740886936;-0.0246738839916686;-0.0147894341759361;0.0048619577650954;0.0317719907423224;0.0532000368367096;0.0526133047703394;5.0;15.0;0.960421609908214
-0.0490014556691038;-0.0236039962164146;-0.014789152531406;0.0044855290741732;0.0330666341249354;0.0540951800714474;0.0534765249439803;6.0;15.0;0.9606391161079324
-0.0497215084760817;-0.0238551776540643;-0.0154846518056893;0.0056915784551797;0.0326641708676141;0.0543548982518758;0.0533706655745086;7.0;15.0;0.96069031379272
-0.0494483716104522;-0.0239146735064728;-0.0155482430994361;0.0046753501007843;0.0313493270100149;0.0529221712259556;0.0532385746530901;8.0;15.0;0.9603912114511128
-0.0480128405173309;-0.0250635953394889;-0.0152994312250048;0.0044498711044714;0.0324825475944351;0.0525829284001688;0.0525536329113305;9.0;15.0;0.9603084348074056
-0.049099013420123;-0.0239334704879674;-0.0151147808022913;0.0051875063930045;0.0328908042978657;0.0553634574780013;0.0536082123626934;10.0;15.0;0.9607822987486933
-0.0484359758594817;-0.0247270130742588;-0.0148699343202442;0.00489505615017;0.0315810439902652;0.0528159795804546;0.0524751967362017;11.0;15.0;0.9603181800476276
-0.047919542870919;-0.0241106930073633;-0.0139103687836333;0.0044282273749586;0.0324512687874336;0.0536573711095333;0.0529652843205165;12.0;15.0;0.9605286649834162
-0.0486200572778722;-0.0245065011171859;-0.0153351970999699;0.0048392574720881;0.0318194377532656;0.0537080242443921;0.0529308425201509;13.0;15.0;0.9605062401402052
-0.0492192817316239;-0.0255203820606786;-0.0139007669530411;0.0050837858625;0.0325024713068449;0.0527037232695104;0.0531873130800584;14.0;15.0;0.9605271912712516
-0.0487690833977057;-0.0242387380431115;-0.0146160626934566;0.0054676663244098;0.0312688881312653;0.0532707606321951;0.0527451332318691;0.0;16.0;0.9604537283523576
-0.0486116219869403;-0.0246849630897158;-0.0147496766065571;0.0048209285672234;0.0318194805313358;0.0532649467377676;0.0526342556005389;1.0;16.0;0.9604862719799522
-0.048304994782692;-0.0254599233022597;-0.0146595173663804;0.0045679815782591;0.03192910644683;0.0528504834245302;0.051934798232758;2.0;16.0;0.9603500980373124
-0.0483311442282171;-0.0241604307732847;-0.0142860313782483;0.0046079513145899;0.0317496627819427;0.0525913678257598;0.0525517684022129;3.0;16.0;0.960343057765932
-0.0503031959568501;-0.0256378350896949;-0.0177111308339656;0.0056156795897551;0.0306064641541566;0.0546369770433265;0.0525423202902644;4.0;16.0;0.9603372288190828
-0.04855740886936;-0.0246738839916686;-0.0147894341759361;0.0048619577650954;0.0317719907423224;0.0532000368367096;0.0526133047703394;5.0;16.0;0.960421609908214
-0.0483443496959357;-0.0249578078134401;-0.0147186480762287;0.0050918741292766;0.0308900946702632;0.0530700307320605;0.0523894837734867;6.0;16.0;0.9603423595191144
-0.0479738719217908;-0.0248285712643631;-0.0143608034562801;0.0044713439600249;0.0310971679436433;0.0529364019030946;0.0524439499781792;7.0;16.0;0.9603147326623024
-0.0479793545782073;-0.0249314608042354;-0.0142014683048358;0.0051809537378417;0.0325075803292567;0.054492026544738;0.0525586234125013;8.0;16.0;0.960595019910717
-0.0502342153557739;-0.0235595136388645;-0.0132380072178276;0.0061225991949512;0.0296496394912986;0.0549953070203991;0.0527237947134806;9.0;16.0;0.9605281846212236
-0.0483251892332932;-0.0249425216013768;-0.0146339894013074;0.0047277399738734;0.0312430378656498;0.0523259456949453;0.0522249148253137;10.0;16.0;0.96031954748214
-0.0483447640390663;-0.0242036631405643;-0.0149922112075631;0.0053448506076784;0.0320487716711052;0.0542521633799861;0.0530303529958225;11.0;16.0;0.961993238322736
-0.0489010097650391;-0.0246971048518546;-0.0151707952572056;0.0051213566974633;0.0312067091995231;0.0532952898910261;0.0526525246038228;12.0;16.0;0.9603958841288084
-0.0485280337785254;-0.0247638974748712;-0.0145440283404387;0.0048704621914736;0.0317613792004283;0.0529513292438597;0.0524571398581322;13.0;16.0;0.960415881473175
-0.0482322749786216;-0.0239717990719902;-0.0151757355404613;0.0047840622005424;0.0311803647491741;0.0537859557500659;0.0525382875369937;14.0;16.0;0.9604001360621204
-0.0481883084812575;-0.0250309164892571;-0.0149920079876463;0.0037923363006409;0.0323428158761842;0.0536333154399521;0.0527438646226588;0.0;17.0;0.960411470036104
-0.0486720219042674;-0.0246973065341806;-0.0147053819042636;0.0047752171182222;0.0318723898539926;0.05333726415526;0.0526575973390049;1.0;17.0;0.9604321349950984
-0.0490672437391323;-0.0231057093577478;-0.0150588790439688;0.0054541096709449;0.031473034668859;0.0538784955917107;0.0539678190301443;2.0;17.0;0.9623007804247804
-0.0490064815373736;-0.025177212830699;-0.0156085838698477;0.005398485524047;0.0314446160971894;0.0549025805056769;0.0531051154644364;3.0;17.0;0.9606215324164068
-0.0484859899376034;-0.0240152493876767;-0.0142699221172371;0.0048807403404649;0.0332653894524262;0.0542934301196019;0.0532674431543509;4.0;17.0;0.960702472359284
-0.04855740886936;-0.0246738839916686;-0.0147894341759361;0.0048619577650954;0.0317719907423224;0.0532000368367096;0.0526133047703394;5.0;17.0;0.960421609908214
-0.0489818106272712;-0.0236875255515671;-0.0148003544385166;0.0044944042365044;0.0330504908804246;0.0540083259603373;0.0534083012032245;6.0;17.0;0.960630946210966
-0.049673949978609;-0.0239289697284917;-0.0154688920956069;0.0056537000939216;0.0326636294514292;0.0542579759459916;0.0533065455616811;7.0;17.0;0.960680012707459
-0.0494327087651077;-0.0239650963330728;-0.0155499948666261;0.0046474033453462;0.0312839661950246;0.0527516581465581;0.0531722055737861;8.0;17.0;0.9603918383191056
-0.0479182424068259;-0.0251513472837214;-0.0153924582146578;0.004376357717728;0.0326213374035491;0.0524511561519374;0.0525261082275539;9.0;17.0;0.9603057932392344
-0.0490605718277523;-0.0240540579005488;-0.0151139123314896;0.0051569235631062;0.0328800196646459;0.0551353497901377;0.0534843810970456;10.0;17.0;0.9607074945969022
-0.0487470108366892;-0.0249654537845183;-0.0146226439114839;0.0045277297318121;0.0316637577852864;0.0526529213428986;0.052390827479012;11.0;17.0;0.9604085943432152
-0.0479418390931243;-0.0241745798131624;-0.0139556374854609;0.0044393238860904;0.0324589807003285;0.0535874890328613;0.0529168792546221;12.0;17.0;0.9604003867111351
-0.0486173968769268;-0.0245097749830186;-0.0153085305922436;0.0048409329263583;0.0318135534459758;0.0536899501090026;0.0529197774551045;13.0;17.0;0.9605081387171146
-0.0491911924783745;-0.0255296210788781;-0.0139464078779469;0.0050694690947942;0.0325081983107992;0.0526708101573655;0.0531303008816449;14.0;17.0;0.9605331332706678
-0.0498950806330061;-0.0208618791179739;-0.0151957234469489;0.0068167677454427;0.0306154203049177;0.054658884193989;0.055633216870451;0.0;18.0;0.9607196117004242
-0.0496876569189187;-0.0212869817104772;-0.0153523079454978;0.0061223135474294;0.0311491689744931;0.0547004620776016;0.0555541214354008;1.0;18.0;0.9607730094366168
-0.0490672437391323;-0.0231057093577478;-0.0150588790439688;0.0054541096709449;0.031473034668859;0.0538784955917107;0.0539678190301443;2.0;18.0;0.9606130732189392
-0.0494008881406952;-0.0207735132728111;-0.0148232995817947;0.0058466222709559;0.0311579504995462;0.0538922233249411;0.0554150143123089;3.0;18.0;0.9607586722943404
-0.0511299667110691;-0.0221899928885325;-0.0178945814310844;0.0067696841363941;0.0299173187396846;0.0556966585143092;0.0553816579434407;4.0;18.0;0.9607619979972596
-0.0496603510228812;-0.0212814014245064;-0.0153723329155534;0.0061429790074067;0.0311252494638742;0.0546677684586178;0.0555435689857934;5.0;18.0;0.9608203024409756
-0.049415789851843;-0.0216733134602343;-0.0153114859306883;0.0063927050115232;0.0301879707922782;0.0544323705214517;0.0552318842094966;6.0;18.0;0.9606858328745944
-0.0489977241767305;-0.0215274764656567;-0.0149076761394817;0.0056924676903112;0.0304216426448832;0.0542815770582674;0.0552933466027215;7.0;18.0;0.960719163718923
-0.0490401466051598;-0.0216077623329345;-0.0147618470174277;0.0064431210131123;0.0318163073458747;0.0558174182330187;0.0554102168354931;8.0;18.0;0.9609260239109184
-0.0511216502178704;-0.0202912682774251;-0.014016101415225;0.0072434257357033;0.0292611298900071;0.0562555681110792;0.055656101970689;9.0;18.0;0.9609030853153432
-0.0493912722470337;-0.0215748739990104;-0.0151863992006866;0.0059894139853638;0.0304943791365999;0.0536744475923209;0.0551074581237517;10.0;18.0;0.9605896929674492
-0.0493530897721307;-0.0207780297653904;-0.0156460135777104;0.0067079009967722;0.0313341375381293;0.0556489100026012;0.0559402128537582;11.0;18.0;0.9609352402449504
-0.0500439529532192;-0.0213791231815041;-0.0158217114547472;0.0064259746180508;0.0305452544842107;0.0546865642381613;0.0555287126564133;12.0;18.0;0.9607241076888036
-0.0496263180926381;-0.0213833286682565;-0.0150858668522562;0.0061532697033255;0.0311105744316008;0.0543817769650058;0.0553641305393559;13.0;18.0;0.9608015803775188
-0.0492893191277487;-0.0205606518137632;-0.0158272863177989;0.0060453546148875;0.0305155260870186;0.0552402561676907;0.0553998018288286;14.0;18.0;0.962481522402132
-0.0492041914271964;-0.0185162321876473;-0.0167073305509604;0.0062764670138093;0.0296999552086576;0.0563847415144613;0.0562574444278545;0.0;19.0;0.9630514387184012
-0.0491907644293899;-0.0182813149550261;-0.016686133157358;0.0064855131790103;0.0294255685144652;0.0564668704099029;0.0563603410231733;1.0;19.0;0.9608714447781226
-0.0495701863818882;-0.0173418200086752;-0.0167991204431652;0.0067931247526034;0.0293045282908559;0.0569625269521922;0.0572108853493716;2.0;19.0;0.9610035598833494
-0.0493055817563618;-0.0185343616458391;-0.0167837383856899;0.0064755055879014;0.0295886477406741;0.0565420324468013;0.0563022116583143;3.0;19.0;0.9609398088055044
-0.0484125471574232;-0.0193219314751176;-0.0155231885126117;0.0057059620285729;0.0311754753916323;0.0565039804266268;0.0554646779579964;4.0;19.0;0.9609318894643608
-0.0487103369864846;-0.019986586168876;-0.0163446948622393;0.0057944455950572;0.0298087252657208;0.0558182891118997;0.0549264628109935;5.0;19.0;0.960715827851264
-0.0493025244671033;-0.018349755366696;-0.0166835802987531;0.006363469266672;0.0297876523053607;0.056431213883379;0.0563397832962754;6.0;19.0;0.960935033267992
-0.049388296341569;-0.0183796758149318;-0.0167664273842262;0.0065071325023469;0.0297397113381851;0.0564621512187415;0.0563271734481346;7.0;19.0;0.9609839941957704
-0.049447824863794;-0.018295754747765;-0.016860317237873;0.0062587755576757;0.0290827823008629;0.055733535460727;0.0562795960642074;8.0;19.0;0.9608247068812316
-0.0482500594978752;-0.0189621799717108;-0.0175687949075702;0.0056740682962519;0.0307612862292224;0.0554741126167918;0.0563245167212448;9.0;19.0;0.9608185131858544
-0.0491466385502265;-0.0194644517936536;-0.0166310625280672;0.0060485313281828;0.0307849778415314;0.0574796368472055;0.0556697994727841;10.0;19.0;0.960976437775607
-0.0489478583086208;-0.0203225630674942;-0.0161389640933588;0.0053978378386923;0.029704911231979;0.055222561169337;0.0546820126772675;11.0;19.0;0.9606690171576192
-0.0491736482405133;-0.018410112514289;-0.01657890057448;0.0063566435531909;0.0297143506836362;0.056379062575923;0.056278884892502;12.0;19.0;0.960941541895342
-0.0492656631877766;-0.0182727287904762;-0.0166761450955688;0.0064324926411332;0.0294824570160281;0.0566020466286737;0.0564202135562014;13.0;19.0;0.9608943913734485
-0.0492893191277487;-0.0205606518137632;-0.0158272863177989;0.0060453546148875;0.0305155260870186;0.0552402561676907;0.0553998018288286;14.0;19.0;0.9607615258479733
-0.04920419142719646;-0.01851623218764738;-0.016707330550960447;0.006276467013809331;0.02969995520865767;0.05638474151446136;0.05625744442785456;0.0;20.0;0.9609553422199401
-0.049023777650784486;-0.0176348963741745;-0.01726981933869618;0.006136159594574506;0.02938536690177001;0.05697910490739214;0.05643936064370776;1.0;20.0;0.9608676199570877
-0.048712513940269916;-0.020025247268927925;-0.016610736098093187;0.005592800739582401;0.03020427324159149;0.05564644880646998;0.055008584326682236;2.0;20.0;0.960720607038555
-0.04902755503145015;-0.017595804076998994;-0.017387121928237822;0.006256104884417228;0.029224296191917645;0.05722978301880814;0.056551164859934645;3.0;20.0;0.9609082966126927
-0.049198724082326145;-0.016268305960365353;-0.017376482533653315;0.0066303704267578565;0.028187444065428117;0.056544772693618295;0.057373685997755004;4.0;20.0;0.9608308991426275
-0.049440222308176976;-0.01778692684185823;-0.016995325887419685;0.006438003613115277;0.029777560889819327;0.05661484101062546;0.056941938476722416;5.0;20.0;0.960985388187011
-0.04902454813023746;-0.01741424034596651;-0.017288614574957437;0.00614591506537109;0.02942002090629199;0.05712079088735944;0.05658811726914249;6.0;20.0;0.9609313974998932
-0.049108906374268735;-0.01744366766686304;-0.01737009623426769;0.006287210546772953;0.029372870067706662;0.05715121833577936;0.0565757152474625;7.0;20.0;0.960928294948685
-0.04887810067763468;-0.01876261715979357;-0.016533061698066384;0.006297584884638269;0.030497858338246257;0.0572729946972673;0.05624157172125111;8.0;20.0;0.9609621130837849
-0.05046014406582126;-0.017885004511361803;-0.015589248559021236;0.007073455317922204;0.028274853666325987;0.05761585783763437;0.05617687732547189;9.0;20.0;0.9608608732150815
-0.04918496349563989;-0.01637665829221546;-0.01738938902302017;0.006611507037514946;0.02833389697261871;0.05641103196363232;0.057285188899311994;10.0;20.0;0.9608733340999047
-0.049161031401682216;-0.01735453804241671;-0.01724126093292546;0.006932458310263261;0.029940243543237634;0.05742981081893441;0.05727310556312501;11.0;20.0;0.9609997562870682
-0.04889779594905663;-0.017473602730400672;-0.01718566010671995;0.006139201848397409;0.02934792738925226;0.05706949910029838;0.05652822254912348;12.0;20.0;0.9609467810524852
-0.0489759501567384;-0.01760465306684335;-0.01738604568710104;0.006175002634042038;0.029345842205203615;0.056975979190173956;0.0564575114827713;13.0;20.0;0.9609140382700001
-0.04908789468605467;-0.015723259530087838;-0.01790959815261364;0.00659219994982984;0.028585767526996795;0.05794827389288048;0.05742910815991749;14.0;20.0;0.9609421929086606
